{
  "1": [
    {
      "id": 2589,
      "amount": 1,
      "slot": 0,
      "stackable": false
    }
  ],
  "6342": [],
  "7554": [
    {
      "id": 21006,
      "amount": 2,
      "slot": 0,
      "stackable": false
    },
    {
      "id": 21015,
      "amount": 1,
      "slot": 0,
      "stackable": false
    },
    {
      "id": 21034,
      "amount": 1,
      "slot": 0,
      "stackable": false
    },
    {
      "id": 21079,
      "amount": 1,
      "slot": 0,
      "stackable": false
    }
  ],
  "1673": [],
  "2265": [],
  "6611": [],
  "8360": []
}