{
  "10_2021": {
    "127.0.0.1": {
      "address": "127.0.0.1",
      "date": {
        "date": {
          "year": 2021,
          "month": 12,
          "day": 1
        },
        "time": {
          "hour": 18,
          "minute": 48,
          "second": 51,
          "nano": 295697700
        }
      }
    },
    "5.175.19.214": {
      "address": "5.175.19.214",
      "date": {
        "date": {
          "year": 2022,
          "month": 2,
          "day": 21
        },
        "time": {
          "hour": 21,
          "minute": 42,
          "second": 52,
          "nano": 911526600
        }
      }
    },
    "37.201.225.60": {
      "address": "37.201.225.60",
      "date": {
        "date": {
          "year": 2022,
          "month": 2,
          "day": 21
        },
        "time": {
          "hour": 21,
          "minute": 42,
          "second": 49,
          "nano": 300492300
        }
      }
    },
    "D8-BB-C1-54-AB-3C": {
      "address": "D8-BB-C1-54-AB-3C",
      "date": {
        "date": {
          "year": 2022,
          "month": 2,
          "day": 21
        },
        "time": {
          "hour": 21,
          "minute": 42,
          "second": 49,
          "nano": 300492300
        }
      }
    }
  }
}